# id	dónde	descripción	comando
1a	app	Los ocho tests de la regla, pasándole textos: verde	sh lecciones/3-cobertura-contrato/ayuda/proyecto.sh plano regla.ts && cd .tmp/l3-plano && SPEC=tests/regla.spec.ts node ../../bin/test.ts
1b	app	La misma orden con c8: informe de cobertura al 100 %	sh lecciones/3-cobertura-contrato/ayuda/proyecto.sh plano regla.ts && cd .tmp/l3-plano && SPEC=tests/regla.spec.ts npx c8 --include=regla.ts node ../../bin/test.ts
1c	app	La misma regla leyendo la hora de PostgreSQL: llega un Date y contesta false	node lecciones/3-cobertura-contrato/ayuda/base.ts && sh lecciones/3-cobertura-contrato/ayuda/proyecto.sh plano regla.ts && cd .tmp/l3-plano && node desde-la-base.ts
1d	app	El test de contrato, por un servidor HTTP mínimo: rojo a la primera	node lecciones/3-cobertura-contrato/ayuda/base.ts && sh lecciones/3-cobertura-contrato/ayuda/proyecto.sh plano regla.ts && cd .tmp/l3-plano && SPEC=tests/contrato.spec.ts node ../../bin/test.ts
1e	app	Por qué: un Date frente a un texto no falla, da false (el texto, a número, es NaN)	sh lecciones/3-cobertura-contrato/ayuda/proyecto.sh plano regla.ts && cd .tmp/l3-plano && node comparar-fecha-y-texto.ts
1f	app	Con la regla corregida, el test de contrato pasa	node lecciones/3-cobertura-contrato/ayuda/base.ts && sh lecciones/3-cobertura-contrato/ayuda/proyecto.sh plano regla-corregida.ts && cd .tmp/l3-plano && SPEC=tests/contrato.spec.ts node ../../bin/test.ts
1g	app	Con la regla corregida, los ocho unitarios también	sh lecciones/3-cobertura-contrato/ayuda/proyecto.sh plano regla-corregida.ts && cd .tmp/l3-plano && SPEC=tests/regla.spec.ts node ../../bin/test.ts
2a	app	Nivel vacío: la suite unit sin tests imprime NO TESTS EXECUTED y sale con 0	sh lecciones/3-cobertura-contrato/ayuda/proyecto.sh vacio && cd .tmp/l3-vacio && node ../../bin/test.ts unit; echo $?
2b	app	La suite unit con un test que falla sale con 1	sh lecciones/3-cobertura-contrato/ayuda/proyecto.sh unit-falla && cd .tmp/l3-unit-falla && node ../../bin/test.ts unit; echo $?
2c	app	La suite unit con los ocho tests que pasan sale con 0, igual que la vacía	sh lecciones/3-cobertura-contrato/ayuda/proyecto.sh unit regla.ts && cd .tmp/l3-unit && node ../../bin/test.ts unit --files=regla; echo $?
3a	app	Diagnóstico, avería 1: el mismo test de contrato sin el token de sesión (401)	node lecciones/3-cobertura-contrato/ayuda/base.ts && sh lecciones/3-cobertura-contrato/ayuda/proyecto.sh plano regla-corregida.ts && cd .tmp/l3-plano && SIN_TOKEN=1 SPEC=tests/diagnostico.spec.ts node ../../bin/test.ts
3b	app	Diagnóstico, avería 2: el umbral escrito con 30 minutos (expected false to be true)	node lecciones/3-cobertura-contrato/ayuda/base.ts && sh lecciones/3-cobertura-contrato/ayuda/proyecto.sh plano regla-umbral-mal.ts && cd .tmp/l3-plano && SPEC=tests/diagnostico.spec.ts node ../../bin/test.ts
3c	app	Diagnóstico, avería 3: el Date de la base (la misma salida que la avería 2)	node lecciones/3-cobertura-contrato/ayuda/base.ts && sh lecciones/3-cobertura-contrato/ayuda/proyecto.sh plano regla.ts && cd .tmp/l3-plano && SPEC=tests/diagnostico.spec.ts node ../../bin/test.ts
3d	app	Los unitarios sí distinguen el umbral mal escrito: tres de los ocho en rojo, cada uno con su nombre	sh lecciones/3-cobertura-contrato/ayuda/proyecto.sh unit regla-umbral-mal.ts && cd .tmp/l3-unit && node ../../bin/test.ts unit
